OrderID,Date,CustomerKey,ProductKey,RegionKey,Quantity
1001,2026-01-05,101,201,1,2
1002,2026-01-08,102,202,2,3
1003,2026-01-12,103,203,1,1
1004,2026-01-18,104,205,3,5
1005,2026-01-25,105,204,4,2
1006,2026-02-03,106,202,1,4
1007,2026-02-10,107,206,2,6
1008,2026-02-15,108,201,3,1
1009,2026-02-22,109,207,4,2
1010,2026-02-28,110,208,1,3
1011,2026-03-04,101,202,1,2
1012,2026-03-09,102,201,2,1
1013,2026-03-15,103,205,3,8
1014,2026-03-20,104,203,4,2
1015,2026-03-27,105,206,1,5
1016,2026-04-02,106,207,2,1
1017,2026-04-08,107,204,3,3
1018,2026-04-14,108,202,4,2
1019,2026-04-21,109,208,1,4
1020,2026-04-29,110,201,2,2
10121,2026-05-05,101,203,1,3
1022,2026-05-11,102,205,2,10
1023,2026-05-17,103,202,3,2
1024,2026-05-23,104,207,4,2
1025,2026-05-29,105,201,1,1
1026,2026-06-04,106,204,2,2
1027,2026-06-10,107,206,3,7
1028,2026-06-16,108,208,4,3
1029,2026-06-22,109,202,1,4
1030,2026-06-28,110,201,2,2